id,name
bbcballers-alexandra,Alexandra
bbcballers-arthur,Arthur
bbcballers-james,James
bbcballers-lisa,Lisa
bbcballers-nathan,Nathan
bbcballers-saulius,Saulius
bbcballers-suhail,Suhail
burritos-alex,Alex Connor
burritos-allen,Allen
burritos-armelle,Armelle
burritos-stuart,Stuart
burritos-suzi,Suzi
burritos-sylwia,Sylwia
burritos-tom,Tom
burritos-wouter,Wouter
camdenhells-aimee,Aimee
camdenhells-davidgalindo,David Galindo
camdenhells-lauren,Lauren
camdenhells-levent,Levent
camdenhells-sean,Sean
dropbears-ed,Ed
dropbears-hayley,Hayley
dropbears-martin,Martin
dropbears-mary,Mary
dropbears-p2,P2
dropbears-ray,Ray
greenmachine-ahmed,Ahmed
greenmachine-alex,Alex
greenmachine-allison,Allison
greenmachine-andris,Andris
greenmachine-david,David
greenmachine-iestyn,Iestyn
greenmachine-itai,Itai
greenmachine-kelli,Kelli
greenmachine-marina,Marina
greenmachine-sergio,Sergio
greenmachine-victoria,Victoria
kissmygrass-steph,Steph-Kansas
lions-chris,Chris
lions-diego,Diego
lions-foley,Foley
lions-gus,Gus
lions-kata,Kata
lions-mychelle,Mychelle
lions-obi,Obi
lions-saulius,Saul
lions-telle,Telle
lostangels-aldis,Aldis
lostangels-carlos,Carlos
lostangels-carlotta,Carlotta
lostangels-daria,Daria
lostangels-jazeps,Jazeps
lostangels-john,John
lostangels-rob,Rob
lostangels-rolands,Rolands
lostangels-sophie,Sophie
rockets-alex,Alex
rockets-anna,Anna
rockets-darnell,Darnell
rockets-janis,Janis
rockets-malachi,Malachi
rockets-marc,Marc
rockets-patricia,Patricia
rockets-paul,Paul
rockets-thriston,Thriston
saturdays-claire,Claire